{"max_history": 5, "py/object": "rasa_core.featurizers.MaxHistoryTrackerFeaturizer", "remove_duplicates": true, "state_featurizer": {"input_state_map": {"entity_address": 130, "entity_arrivaltime": 154, "entity_attachments": 137, "entity_balance_available": 153, "entity_bus_number": 151, "entity_cepServerUrl": 150, "entity_civic_service": 157, "entity_conversation": 149, "entity_currentUploadedFile": 138, "entity_departuretime": 155, "entity_electricityaccno": 152, "entity_grevienceId": 136, "entity_incidentId": 133, "entity_incident_sub_type": 131, "entity_incident_type": 132, "entity_landmark": 129, "entity_latitude": 126, "entity_locationKey": 145, "entity_longitude": 127, "entity_name": 125, "entity_ngCADUrl": 156, "entity_number": 143, "entity_parking_vehicle_type": 148, "entity_phoneNo": 135, "entity_reciept_info": 147, "entity_requested_slot": 134, "entity_services": 146, "entity_tenentId": 139, "entity_transit_from": 141, "entity_transit_services": 140, "entity_transit_to": 142, "entity_user_remarks": 128, "entity_weatherJson": 144, "intent_Bus_contact": 0, "intent_about": 1, "intent_affirm": 2, "intent_affirm_kannada": 3, "intent_affirm_tamil": 4, "intent_agent_acquaintance": 5, "intent_agent_age": 6, "intent_agent_annoying": 7, "intent_agent_bad": 8, "intent_agent_beautiful": 9, "intent_agent_beclever": 10, "intent_agent_bgf": 11, "intent_agent_birthday": 12, "intent_agent_boring": 13, "intent_agent_boss": 14, "intent_agent_busy": 15, "intent_agent_canyouhelp": 16, "intent_agent_chatbot": 17, "intent_agent_clever": 18, "intent_agent_crazy": 19, "intent_agent_emergency": 20, "intent_agent_fire": 21, "intent_agent_funny": 22, "intent_agent_gender": 23, "intent_agent_good": 24, "intent_agent_happy": 25, "intent_agent_hobby": 26, "intent_agent_like": 27, "intent_agent_married": 28, "intent_agent_marryuser": 29, "intent_agent_myfriend": 30, "intent_agent_occupation": 31, "intent_agent_origin": 32, "intent_agent_ready": 33, "intent_agent_real": 34, "intent_agent_residence": 35, "intent_agent_right": 36, "intent_agent_sure": 37, "intent_agent_talktome": 38, "intent_agent_there": 39, "intent_air_quality": 40, "intent_ambulance_contact": 41, "intent_another_park_location": 42, "intent_appraisal_good": 43, "intent_appraisal_noproblem": 44, "intent_appraisal_thankyou": 45, "intent_appraisal_welcome": 46, "intent_appraisal_welldone": 47, "intent_ask_police_vehicle_location": 48, "intent_bus_depot": 49, "intent_bus_number_details": 50, "intent_bus_route_details": 51, "intent_connect_agent": 52, "intent_deny": 53, "intent_deny_kannada": 54, "intent_deny_tamil": 55, "intent_dialog_holdon": 56, "intent_dialog_hug": 57, "intent_dialog_idontcare": 58, "intent_dialog_sorry": 59, "intent_disliked": 60, "intent_emergency_services": 61, "intent_emergency_vehicle_issue": 62, "intent_fire_contact": 63, "intent_garbage+burning": 64, "intent_garbage+pickup+not_arraived": 65, "intent_garbage_contact": 66, "intent_garbage_schedule": 67, "intent_greetings_bye": 68, "intent_greetings_hello": 69, "intent_greetings_howareyou": 70, "intent_greetings_nicetomeetyou": 71, "intent_greetings_nicetoseeyou": 72, "intent_greetings_nicetotalktoyou": 73, "intent_inform": 74, "intent_inform_common_location": 75, "intent_inform_common_location_kannada": 76, "intent_inform_common_location_tamil": 77, "intent_inform_nearby_busstops": 78, "intent_inform_nearby_hospitals": 79, "intent_inform_nearbytouristplaces": 80, "intent_informkannada": 81, "intent_informtamil": 82, "intent_intent_abandon_vehicle": 83, "intent_intent_accident": 84, "intent_intent_animal_fallen": 85, "intent_intent_electricity_service": 86, "intent_intent_garbage_service": 87, "intent_intent_remedies": 88, "intent_intent_transport_service": 89, "intent_intent_water_service": 90, "intent_liked": 91, "intent_missed+garbage+pickup": 92, "intent_nearest_bin_loc": 93, "intent_nearest_fire_station": 94, "intent_nearest_police_station": 95, "intent_new_water_connection": 96, "intent_non_emergency_service": 97, "intent_out_of_scope": 98, "intent_parking_info": 99, "intent_police_contact": 100, "intent_recent_raised_complaints": 101, "intent_register_complaint": 102, "intent_register_complaint_kannada": 103, "intent_register_complaint_tamil": 104, "intent_report_electricity_problem": 105, "intent_report_garbage_problem": 106, "intent_report_garbage_problem_kannada": 107, "intent_report_garbage_problem_tamil": 108, "intent_report_water_problem": 109, "intent_test": 110, "intent_thankyou": 111, "intent_user_angry": 112, "intent_user_back": 113, "intent_user_bored": 114, "intent_user_busy": 115, "intent_user_cannotsleep": 116, "intent_user_excited": 117, "intent_user_likeagent": 118, "intent_user_lovesagent": 119, "intent_user_needsadvice": 120, "intent_user_testing": 121, "intent_water_contact": 122, "intent_water_schedule": 123, "intent_weather_info": 124, "prev_action_ReportToCADAPI": 674, "prev_action_UserIncidentRemarks": 615, "prev_action_air_quality_service": 733, "prev_action_ambulance_contact_details": 778, "prev_action_bestRouteBetween": 713, "prev_action_bot_service": 717, "prev_action_bus_contact_details": 784, "prev_action_bus_number_details": 785, "prev_action_bus_route_details": 786, "prev_action_chatbot_pic": 808, "prev_action_cityweather_info": 732, "prev_action_connect_agent_service": 734, "prev_action_contact_service": 771, "prev_action_createIncident": 672, "prev_action_deactivate_form": 611, "prev_action_default_ask_affirmation": 613, "prev_action_default_ask_rephrase": 614, "prev_action_default_fallback": 610, "prev_action_electricity_balance_info": 830, "prev_action_electricity_services": 757, "prev_action_fallback": 671, "prev_action_fire_contact_details": 777, "prev_action_garbage_bin_location": 746, "prev_action_garbage_contact_service": 828, "prev_action_garbage_pickup_schedule": 725, "prev_action_garbage_services": 756, "prev_action_greet_suggestion": 780, "prev_action_incidentLandmark": 616, "prev_action_initialize_chatbot_pic": 807, "prev_action_listen": 608, "prev_action_nearestBustop": 714, "prev_action_nearestHospitals": 788, "prev_action_nearestTouristPlace": 829, "prev_action_nearest_bus_depot": 747, "prev_action_nearest_fire_station": 790, "prev_action_nearest_police_station": 789, "prev_action_new_water_connection": 766, "prev_action_nextGarbagePickupTime": 716, "prev_action_parking_service": 723, "prev_action_police_contact_details": 776, "prev_action_police_vehicle_location": 850, "prev_action_raiseCivicComplaint": 683, "prev_action_raiseCivicComplaint_kannada": 827, "prev_action_raiseCivicComplaint_tamil": 802, "prev_action_raiseEmergencyComplaint": 848, "prev_action_remarksFromLastMessage": 681, "prev_action_restart": 609, "prev_action_revert_fallback_events": 612, "prev_action_setBurningOfGarbageInOpenSpace": 690, "prev_action_setCivicType": 695, "prev_action_setGarbageNotArrived": 689, "prev_action_setMissedGarbagePickup": 688, "prev_action_setPotholeInStreet": 692, "prev_action_setStreetClean": 686, "prev_action_setStreetLightpoleDamage": 687, "prev_action_setSwmCivicType": 706, "prev_action_setWaterOnStreet": 685, "prev_action_set_civic_type": 748, "prev_action_show_help_services": 755, "prev_action_tagAttachments": 691, "prev_action_transport_services": 783, "prev_action_water_schedule": 812, "prev_action_water_services": 758, "prev_utter_about": 694, "prev_utter_afterGreetings": 696, "prev_utter_agentBgf": 698, "prev_utter_agentEmergency": 693, "prev_utter_agentGender": 702, "prev_utter_agentLike": 697, "prev_utter_agentMarried": 699, "prev_utter_agentSecret": 703, "prev_utter_agent_connect": 731, "prev_utter_agentacquaintance": 617, "prev_utter_agentage": 825, "prev_utter_agentannoying": 618, "prev_utter_agentbad": 619, "prev_utter_agentbeautiful": 620, "prev_utter_agentbeclever": 826, "prev_utter_agentbirthday": 621, "prev_utter_agentboring": 622, "prev_utter_agentboss": 623, "prev_utter_agentbusy": 842, "prev_utter_agentcanyouhelp": 624, "prev_utter_agentchatbot": 625, "prev_utter_agentclever": 626, "prev_utter_agentcrazy": 627, "prev_utter_agentfire": 628, "prev_utter_agentfunny": 629, "prev_utter_agentgood": 630, "prev_utter_agenthappy": 631, "prev_utter_agenthobby": 843, "prev_utter_agenthungry": 632, "prev_utter_agentmarryuser": 633, "prev_utter_agentmyfriend": 806, "prev_utter_agentoccupation": 634, "prev_utter_agentorigin": 635, "prev_utter_agentready": 636, "prev_utter_agentreal": 637, "prev_utter_agentresidence": 640, "prev_utter_agentright": 641, "prev_utter_agentsure": 642, "prev_utter_agenttalktome": 643, "prev_utter_agentthere": 644, "prev_utter_appraisalbad": 645, "prev_utter_appraisalgood": 646, "prev_utter_appraisalnoproblem": 648, "prev_utter_appraisalthankyou": 649, "prev_utter_appraisalwelcome": 650, "prev_utter_appraisalwelldone": 651, "prev_utter_askCivicDetails": 701, "prev_utter_askCivicDetails_kannada": 817, "prev_utter_askCivicDetails_tamil": 797, "prev_utter_askLandmark": 639, "prev_utter_askRaiseComplaint": 700, "prev_utter_askService": 677, "prev_utter_ask_accident_subtypes": 846, "prev_utter_ask_action_type": 847, "prev_utter_ask_address": 707, "prev_utter_ask_animal": 849, "prev_utter_ask_another_parking_location": 774, "prev_utter_ask_attachments": 708, "prev_utter_ask_attachments_kannada": 818, "prev_utter_ask_attachments_tamil": 799, "prev_utter_ask_bill_ack": 741, "prev_utter_ask_bill_payment": 739, "prev_utter_ask_bus_number": 791, "prev_utter_ask_common_complaint_location": 736, "prev_utter_ask_common_complaint_location_kannada": 821, "prev_utter_ask_common_complaint_location_tamil": 798, "prev_utter_ask_complaintLocation": 715, "prev_utter_ask_electricity_service_issue_types": 737, "prev_utter_ask_electricityaccno": 832, "prev_utter_ask_emergency_service_issue_type": 844, "prev_utter_ask_feedback": 768, "prev_utter_ask_garbage_issue_type": 751, "prev_utter_ask_garbage_issue_type_kannada": 814, "prev_utter_ask_garbage_issue_type_tamil": 793, "prev_utter_ask_helpful_info": 779, "prev_utter_ask_issue_resolved": 764, "prev_utter_ask_location": 724, "prev_utter_ask_location_kannada": 815, "prev_utter_ask_location_tamil": 795, "prev_utter_ask_park_oth_loc": 722, "prev_utter_ask_satisfied": 760, "prev_utter_ask_satisfied_kannada": 816, "prev_utter_ask_satisfied_tamil": 796, "prev_utter_ask_service_issue_type": 752, "prev_utter_ask_service_issue_type_kannada": 813, "prev_utter_ask_service_issue_type_tamil": 794, "prev_utter_ask_service_type": 709, "prev_utter_ask_transit_from": 711, "prev_utter_ask_transit_services": 710, "prev_utter_ask_transit_to": 712, "prev_utter_ask_two_or_four_wheeler": 749, "prev_utter_ask_user_remarks": 705, "prev_utter_ask_vehicle_event_subtype": 845, "prev_utter_ask_water_issue_types": 738, "prev_utter_askincidentlocation": 675, "prev_utter_askparklocation": 719, "prev_utter_askwhatemergency": 670, "prev_utter_attachmentUploaded": 704, "prev_utter_balanceAvailable": 835, "prev_utter_bot_sorry": 730, "prev_utter_chat_thankyou": 762, "prev_utter_comfirm_agent_connect": 728, "prev_utter_complaint_cancelled": 781, "prev_utter_confirmRaiseCivicComplaint": 680, "prev_utter_confirmRaiseCivicComplaint_kannada": 819, "prev_utter_confirmRaiseCivicComplaint_tamil": 800, "prev_utter_connect_operator": 792, "prev_utter_connecting_agent": 729, "prev_utter_costslotinfo": 721, "prev_utter_dialogholdon": 652, "prev_utter_dialoghug": 653, "prev_utter_dialogidontcare": 654, "prev_utter_dialogsorry": 655, "prev_utter_electricity_services": 753, "prev_utter_feel_free": 761, "prev_utter_gabage_tips": 744, "prev_utter_garbage_moto": 745, "prev_utter_garbage_services": 750, "prev_utter_greet_resolve": 824, "prev_utter_greetings_bye": 678, "prev_utter_greetingsbye": 656, "prev_utter_greetingshello": 657, "prev_utter_greetingshowareyou": 658, "prev_utter_greetingsnicetomeetyou": 659, "prev_utter_greetingsnicetoseeyou": 660, "prev_utter_greetingsnicetotalktoyou": 661, "prev_utter_help_message": 840, "prev_utter_hmm": 743, "prev_utter_insect_remedies": 769, "prev_utter_insufficient_balance": 833, "prev_utter_my_message": 839, "prev_utter_needpolicevehicle": 673, "prev_utter_nice_day": 759, "prev_utter_nice_day_kannada": 823, "prev_utter_nice_daytamil": 804, "prev_utter_no_electricity_reasons": 763, "prev_utter_no_water_reasons": 765, "prev_utter_ok": 742, "prev_utter_oksure": 720, "prev_utter_parking_arrival": 837, "prev_utter_parking_departure": 838, "prev_utter_parking_nearme": 718, "prev_utter_parking_suggestion_buttons": 775, "prev_utter_pay_electricity_bill": 831, "prev_utter_regard_what": 727, "prev_utter_req_cancel": 735, "prev_utter_req_cancel_kannada": 820, "prev_utter_req_cancel_tamil": 801, "prev_utter_resolve_electricityIssue": 836, "prev_utter_service_feedback": 773, "prev_utter_share_info": 726, "prev_utter_showOptions": 684, "prev_utter_starting_quote": 809, "prev_utter_tell_pay_bill": 740, "prev_utter_test": 841, "prev_utter_thank_you_kannada": 822, "prev_utter_thankyou": 682, "prev_utter_thankyouByPolice": 676, "prev_utter_thankyoutamil": 803, "prev_utter_transport_services": 782, "prev_utter_user_disliked": 805, "prev_utter_user_lovesagent": 679, "prev_utter_user_thankyou": 787, "prev_utter_userangry": 662, "prev_utter_userback": 663, "prev_utter_userbored": 664, "prev_utter_userbusy": 665, "prev_utter_usercannotsleep": 666, "prev_utter_userexcited": 647, "prev_utter_userlikeagent": 638, "prev_utter_userlovesagent": 668, "prev_utter_userneedsadvice": 669, "prev_utter_usertesting": 667, "prev_utter_water_contact": 770, "prev_utter_water_feedback": 772, "prev_utter_water_moto": 767, "prev_utter_water_saving_moto": 811, "prev_utter_water_saving_tips": 810, "prev_utter_water_services": 754, "prev_utter_wrongAccountNumber": 834, "slot_address_0": 158, "slot_arrivaltime_0": 159, "slot_attachments_0": 160, "slot_balance_available_0": 161, "slot_balance_available_1": 162, "slot_bus_number_0": 163, "slot_cepServerUrl_0": 164, "slot_civic_service_0": 165, "slot_civic_service_1": 166, "slot_civic_service_10": 175, "slot_civic_service_11": 176, "slot_civic_service_12": 177, "slot_civic_service_13": 178, "slot_civic_service_14": 179, "slot_civic_service_15": 180, "slot_civic_service_16": 181, "slot_civic_service_17": 182, "slot_civic_service_18": 183, "slot_civic_service_19": 184, "slot_civic_service_2": 167, "slot_civic_service_20": 185, "slot_civic_service_21": 186, "slot_civic_service_22": 187, "slot_civic_service_23": 188, "slot_civic_service_24": 189, "slot_civic_service_25": 190, "slot_civic_service_26": 191, "slot_civic_service_27": 192, "slot_civic_service_28": 193, "slot_civic_service_29": 194, "slot_civic_service_3": 168, "slot_civic_service_30": 195, "slot_civic_service_31": 196, "slot_civic_service_32": 197, "slot_civic_service_33": 198, "slot_civic_service_34": 199, "slot_civic_service_35": 200, "slot_civic_service_36": 201, "slot_civic_service_37": 202, "slot_civic_service_38": 203, "slot_civic_service_39": 204, "slot_civic_service_4": 169, "slot_civic_service_40": 205, "slot_civic_service_41": 206, "slot_civic_service_42": 207, "slot_civic_service_43": 208, "slot_civic_service_44": 209, "slot_civic_service_45": 210, "slot_civic_service_46": 211, "slot_civic_service_47": 212, "slot_civic_service_48": 213, "slot_civic_service_49": 214, "slot_civic_service_5": 170, "slot_civic_service_50": 215, "slot_civic_service_51": 216, "slot_civic_service_52": 217, "slot_civic_service_53": 218, "slot_civic_service_54": 219, "slot_civic_service_55": 220, "slot_civic_service_56": 221, "slot_civic_service_57": 222, "slot_civic_service_58": 223, "slot_civic_service_59": 224, "slot_civic_service_6": 171, "slot_civic_service_60": 225, "slot_civic_service_7": 172, "slot_civic_service_8": 173, "slot_civic_service_9": 174, "slot_conversation_0": 226, "slot_currentUploadedFile_0": 227, "slot_departuretime_0": 228, "slot_electricityaccno_0": 229, "slot_grevienceId_0": 230, "slot_incidentId_0": 231, "slot_incident_sub_type_0": 232, "slot_incident_sub_type_1": 233, "slot_incident_sub_type_10": 242, "slot_incident_sub_type_100": 332, "slot_incident_sub_type_101": 333, "slot_incident_sub_type_102": 334, "slot_incident_sub_type_103": 335, "slot_incident_sub_type_104": 336, "slot_incident_sub_type_105": 337, "slot_incident_sub_type_106": 338, "slot_incident_sub_type_107": 339, "slot_incident_sub_type_108": 340, "slot_incident_sub_type_109": 341, "slot_incident_sub_type_11": 243, "slot_incident_sub_type_110": 342, "slot_incident_sub_type_111": 343, "slot_incident_sub_type_112": 344, "slot_incident_sub_type_113": 345, "slot_incident_sub_type_114": 346, "slot_incident_sub_type_115": 347, "slot_incident_sub_type_116": 348, "slot_incident_sub_type_117": 349, "slot_incident_sub_type_118": 350, "slot_incident_sub_type_119": 351, "slot_incident_sub_type_12": 244, "slot_incident_sub_type_120": 352, "slot_incident_sub_type_121": 353, "slot_incident_sub_type_122": 354, "slot_incident_sub_type_123": 355, "slot_incident_sub_type_124": 356, "slot_incident_sub_type_125": 357, "slot_incident_sub_type_126": 358, "slot_incident_sub_type_127": 359, "slot_incident_sub_type_128": 360, "slot_incident_sub_type_129": 361, "slot_incident_sub_type_13": 245, "slot_incident_sub_type_130": 362, "slot_incident_sub_type_131": 363, "slot_incident_sub_type_132": 364, "slot_incident_sub_type_133": 365, "slot_incident_sub_type_134": 366, "slot_incident_sub_type_135": 367, "slot_incident_sub_type_136": 368, "slot_incident_sub_type_137": 369, "slot_incident_sub_type_138": 370, "slot_incident_sub_type_139": 371, "slot_incident_sub_type_14": 246, "slot_incident_sub_type_140": 372, "slot_incident_sub_type_141": 373, "slot_incident_sub_type_142": 374, "slot_incident_sub_type_143": 375, "slot_incident_sub_type_144": 376, "slot_incident_sub_type_145": 377, "slot_incident_sub_type_146": 378, "slot_incident_sub_type_147": 379, "slot_incident_sub_type_148": 380, "slot_incident_sub_type_149": 381, "slot_incident_sub_type_15": 247, "slot_incident_sub_type_150": 382, "slot_incident_sub_type_151": 383, "slot_incident_sub_type_152": 384, "slot_incident_sub_type_153": 385, "slot_incident_sub_type_154": 386, "slot_incident_sub_type_155": 387, "slot_incident_sub_type_156": 388, "slot_incident_sub_type_157": 389, "slot_incident_sub_type_158": 390, "slot_incident_sub_type_159": 391, "slot_incident_sub_type_16": 248, "slot_incident_sub_type_160": 392, "slot_incident_sub_type_161": 393, "slot_incident_sub_type_162": 394, "slot_incident_sub_type_163": 395, "slot_incident_sub_type_164": 396, "slot_incident_sub_type_165": 397, "slot_incident_sub_type_166": 398, "slot_incident_sub_type_167": 399, "slot_incident_sub_type_168": 400, "slot_incident_sub_type_169": 401, "slot_incident_sub_type_17": 249, "slot_incident_sub_type_170": 402, "slot_incident_sub_type_171": 403, "slot_incident_sub_type_172": 404, "slot_incident_sub_type_173": 405, "slot_incident_sub_type_174": 406, "slot_incident_sub_type_175": 407, "slot_incident_sub_type_176": 408, "slot_incident_sub_type_177": 409, "slot_incident_sub_type_178": 410, "slot_incident_sub_type_179": 411, "slot_incident_sub_type_18": 250, "slot_incident_sub_type_180": 412, "slot_incident_sub_type_181": 413, "slot_incident_sub_type_182": 414, "slot_incident_sub_type_183": 415, "slot_incident_sub_type_184": 416, "slot_incident_sub_type_185": 417, "slot_incident_sub_type_186": 418, "slot_incident_sub_type_187": 419, "slot_incident_sub_type_188": 420, "slot_incident_sub_type_189": 421, "slot_incident_sub_type_19": 251, "slot_incident_sub_type_190": 422, "slot_incident_sub_type_191": 423, "slot_incident_sub_type_192": 424, "slot_incident_sub_type_193": 425, "slot_incident_sub_type_194": 426, "slot_incident_sub_type_195": 427, "slot_incident_sub_type_196": 428, "slot_incident_sub_type_197": 429, "slot_incident_sub_type_198": 430, "slot_incident_sub_type_199": 431, "slot_incident_sub_type_2": 234, "slot_incident_sub_type_20": 252, "slot_incident_sub_type_200": 432, "slot_incident_sub_type_201": 433, "slot_incident_sub_type_202": 434, "slot_incident_sub_type_203": 435, "slot_incident_sub_type_204": 436, "slot_incident_sub_type_205": 437, "slot_incident_sub_type_206": 438, "slot_incident_sub_type_207": 439, "slot_incident_sub_type_208": 440, "slot_incident_sub_type_209": 441, "slot_incident_sub_type_21": 253, "slot_incident_sub_type_210": 442, "slot_incident_sub_type_211": 443, "slot_incident_sub_type_212": 444, "slot_incident_sub_type_213": 445, "slot_incident_sub_type_214": 446, "slot_incident_sub_type_215": 447, "slot_incident_sub_type_216": 448, "slot_incident_sub_type_217": 449, "slot_incident_sub_type_218": 450, "slot_incident_sub_type_219": 451, "slot_incident_sub_type_22": 254, "slot_incident_sub_type_220": 452, "slot_incident_sub_type_221": 453, "slot_incident_sub_type_222": 454, "slot_incident_sub_type_223": 455, "slot_incident_sub_type_224": 456, "slot_incident_sub_type_225": 457, "slot_incident_sub_type_226": 458, "slot_incident_sub_type_227": 459, "slot_incident_sub_type_228": 460, "slot_incident_sub_type_229": 461, "slot_incident_sub_type_23": 255, "slot_incident_sub_type_230": 462, "slot_incident_sub_type_231": 463, "slot_incident_sub_type_232": 464, "slot_incident_sub_type_233": 465, "slot_incident_sub_type_234": 466, "slot_incident_sub_type_235": 467, "slot_incident_sub_type_236": 468, "slot_incident_sub_type_237": 469, "slot_incident_sub_type_238": 470, "slot_incident_sub_type_239": 471, "slot_incident_sub_type_24": 256, "slot_incident_sub_type_240": 472, "slot_incident_sub_type_241": 473, "slot_incident_sub_type_242": 474, "slot_incident_sub_type_243": 475, "slot_incident_sub_type_244": 476, "slot_incident_sub_type_245": 477, "slot_incident_sub_type_246": 478, "slot_incident_sub_type_247": 479, "slot_incident_sub_type_248": 480, "slot_incident_sub_type_249": 481, "slot_incident_sub_type_25": 257, "slot_incident_sub_type_250": 482, "slot_incident_sub_type_251": 483, "slot_incident_sub_type_252": 484, "slot_incident_sub_type_253": 485, "slot_incident_sub_type_254": 486, "slot_incident_sub_type_255": 487, "slot_incident_sub_type_256": 488, "slot_incident_sub_type_257": 489, "slot_incident_sub_type_258": 490, "slot_incident_sub_type_259": 491, "slot_incident_sub_type_26": 258, "slot_incident_sub_type_27": 259, "slot_incident_sub_type_28": 260, "slot_incident_sub_type_29": 261, "slot_incident_sub_type_3": 235, "slot_incident_sub_type_30": 262, "slot_incident_sub_type_31": 263, "slot_incident_sub_type_32": 264, "slot_incident_sub_type_33": 265, "slot_incident_sub_type_34": 266, "slot_incident_sub_type_35": 267, "slot_incident_sub_type_36": 268, "slot_incident_sub_type_37": 269, "slot_incident_sub_type_38": 270, "slot_incident_sub_type_39": 271, "slot_incident_sub_type_4": 236, "slot_incident_sub_type_40": 272, "slot_incident_sub_type_41": 273, "slot_incident_sub_type_42": 274, "slot_incident_sub_type_43": 275, "slot_incident_sub_type_44": 276, "slot_incident_sub_type_45": 277, "slot_incident_sub_type_46": 278, "slot_incident_sub_type_47": 279, "slot_incident_sub_type_48": 280, "slot_incident_sub_type_49": 281, "slot_incident_sub_type_5": 237, "slot_incident_sub_type_50": 282, "slot_incident_sub_type_51": 283, "slot_incident_sub_type_52": 284, "slot_incident_sub_type_53": 285, "slot_incident_sub_type_54": 286, "slot_incident_sub_type_55": 287, "slot_incident_sub_type_56": 288, "slot_incident_sub_type_57": 289, "slot_incident_sub_type_58": 290, "slot_incident_sub_type_59": 291, "slot_incident_sub_type_6": 238, "slot_incident_sub_type_60": 292, "slot_incident_sub_type_61": 293, "slot_incident_sub_type_62": 294, "slot_incident_sub_type_63": 295, "slot_incident_sub_type_64": 296, "slot_incident_sub_type_65": 297, "slot_incident_sub_type_66": 298, "slot_incident_sub_type_67": 299, "slot_incident_sub_type_68": 300, "slot_incident_sub_type_69": 301, "slot_incident_sub_type_7": 239, "slot_incident_sub_type_70": 302, "slot_incident_sub_type_71": 303, "slot_incident_sub_type_72": 304, "slot_incident_sub_type_73": 305, "slot_incident_sub_type_74": 306, "slot_incident_sub_type_75": 307, "slot_incident_sub_type_76": 308, "slot_incident_sub_type_77": 309, "slot_incident_sub_type_78": 310, "slot_incident_sub_type_79": 311, "slot_incident_sub_type_8": 240, "slot_incident_sub_type_80": 312, "slot_incident_sub_type_81": 313, "slot_incident_sub_type_82": 314, "slot_incident_sub_type_83": 315, "slot_incident_sub_type_84": 316, "slot_incident_sub_type_85": 317, "slot_incident_sub_type_86": 318, "slot_incident_sub_type_87": 319, "slot_incident_sub_type_88": 320, "slot_incident_sub_type_89": 321, "slot_incident_sub_type_9": 241, "slot_incident_sub_type_90": 322, "slot_incident_sub_type_91": 323, "slot_incident_sub_type_92": 324, "slot_incident_sub_type_93": 325, "slot_incident_sub_type_94": 326, "slot_incident_sub_type_95": 327, "slot_incident_sub_type_96": 328, "slot_incident_sub_type_97": 329, "slot_incident_sub_type_98": 330, "slot_incident_sub_type_99": 331, "slot_incident_type_0": 492, "slot_incident_type_1": 493, "slot_incident_type_10": 502, "slot_incident_type_11": 503, "slot_incident_type_12": 504, "slot_incident_type_13": 505, "slot_incident_type_14": 506, "slot_incident_type_15": 507, "slot_incident_type_16": 508, "slot_incident_type_17": 509, "slot_incident_type_18": 510, "slot_incident_type_19": 511, "slot_incident_type_2": 494, "slot_incident_type_20": 512, "slot_incident_type_21": 513, "slot_incident_type_22": 514, "slot_incident_type_23": 515, "slot_incident_type_24": 516, "slot_incident_type_25": 517, "slot_incident_type_26": 518, "slot_incident_type_27": 519, "slot_incident_type_28": 520, "slot_incident_type_29": 521, "slot_incident_type_3": 495, "slot_incident_type_30": 522, "slot_incident_type_31": 523, "slot_incident_type_32": 524, "slot_incident_type_33": 525, "slot_incident_type_34": 526, "slot_incident_type_35": 527, "slot_incident_type_36": 528, "slot_incident_type_37": 529, "slot_incident_type_38": 530, "slot_incident_type_39": 531, "slot_incident_type_4": 496, "slot_incident_type_40": 532, "slot_incident_type_41": 533, "slot_incident_type_42": 534, "slot_incident_type_43": 535, "slot_incident_type_44": 536, "slot_incident_type_45": 537, "slot_incident_type_46": 538, "slot_incident_type_47": 539, "slot_incident_type_48": 540, "slot_incident_type_49": 541, "slot_incident_type_5": 497, "slot_incident_type_50": 542, "slot_incident_type_51": 543, "slot_incident_type_52": 544, "slot_incident_type_53": 545, "slot_incident_type_54": 546, "slot_incident_type_55": 547, "slot_incident_type_56": 548, "slot_incident_type_57": 549, "slot_incident_type_58": 550, "slot_incident_type_59": 551, "slot_incident_type_6": 498, "slot_incident_type_60": 552, "slot_incident_type_61": 553, "slot_incident_type_62": 554, "slot_incident_type_63": 555, "slot_incident_type_64": 556, "slot_incident_type_65": 557, "slot_incident_type_66": 558, "slot_incident_type_67": 559, "slot_incident_type_68": 560, "slot_incident_type_69": 561, "slot_incident_type_7": 499, "slot_incident_type_70": 562, "slot_incident_type_71": 563, "slot_incident_type_72": 564, "slot_incident_type_73": 565, "slot_incident_type_74": 566, "slot_incident_type_75": 567, "slot_incident_type_76": 568, "slot_incident_type_77": 569, "slot_incident_type_78": 570, "slot_incident_type_79": 571, "slot_incident_type_8": 500, "slot_incident_type_80": 572, "slot_incident_type_81": 573, "slot_incident_type_82": 574, "slot_incident_type_83": 575, "slot_incident_type_84": 576, "slot_incident_type_85": 577, "slot_incident_type_86": 578, "slot_incident_type_87": 579, "slot_incident_type_88": 580, "slot_incident_type_89": 581, "slot_incident_type_9": 501, "slot_landmark_0": 582, "slot_latitude_0": 583, "slot_locationKey_0": 584, "slot_longitude_0": 585, "slot_name_0": 586, "slot_ngCADUrl_0": 587, "slot_number_0": 588, "slot_parking_vehicle_type_0": 589, "slot_parking_vehicle_type_1": 590, "slot_phoneNo_0": 591, "slot_reciept_info_0": 592, "slot_requested_slot_0": 593, "slot_services_0": 594, "slot_services_1": 595, "slot_services_2": 596, "slot_services_3": 597, "slot_services_4": 598, "slot_services_5": 599, "slot_services_6": 600, "slot_services_7": 601, "slot_tenentId_0": 602, "slot_transit_from_0": 603, "slot_transit_services_0": 604, "slot_transit_services_1": 605, "slot_transit_to_0": 606, "slot_user_remarks_0": 607}, "num_features": 851, "py/object": "rasa_core.featurizers.BinarySingleStateFeaturizer", "slot_feature_len": 450, "user_feature_len": 158}, "use_intent_probabilities": false}