{
  "action_fingerprints": {
    "action_listen": {
      "slots": [
        "phoneNo",
        "user_remarks",
        "ngCADUrl",
        "transit_from",
        "bus_number",
        "address",
        "electricityaccno",
        "cepServerUrl",
        "longitude",
        "tenentId",
        "transit_to",
        "parking_vehicle_type",
        "civic_service",
        "attachments",
        "name",
        "latitude"
      ]
    },
    "action_set_civic_type": {
      "slots": [
        "civic_service"
      ]
    },
    "utter_req_cancel": {
      "slots": []
    },
    "action_raiseEmergencyComplaint": {
      "slots": []
    },
    "utter_greetingsnicetotalktoyou": {
      "slots": []
    },
    "utter_insect_remedies": {
      "slots": []
    },
    "utter_userback": {
      "slots": []
    },
    "action_nearest_bus_depot": {
      "slots": []
    },
    "action_police_contact_details": {
      "slots": []
    },
    "action_electricity_services": {
      "slots": []
    },
    "utter_agenthappy": {
      "slots": []
    },
    "utter_usercannotsleep": {
      "slots": []
    },
    "utter_agentclever": {
      "slots": []
    },
    "utter_agentfunny": {
      "slots": []
    },
    "utter_agentcrazy": {
      "slots": []
    },
    "utter_agentfire": {
      "slots": []
    },
    "action_nearest_police_station": {
      "slots": []
    },
    "utter_usertesting": {
      "slots": []
    },
    "utter_agentbirthday": {
      "slots": []
    },
    "utter_garbage_moto": {
      "slots": []
    },
    "utter_agentmarryuser": {
      "slots": []
    },
    "utter_service_feedback": {
      "slots": []
    },
    "action_police_vehicle_location": {
      "slots": []
    },
    "utter_agentbeclever": {
      "slots": []
    },
    "action_raiseCivicComplaint": {
      "slots": []
    },
    "action_electricity_balance_info": {
      "slots": [
        "balance_available"
      ]
    },
    "utter_chat_thankyou": {
      "slots": []
    },
    "utter_dialogholdon": {
      "slots": []
    },
    "utter_ask_helpful_info": {
      "slots": []
    },
    "utter_appraisalnoproblem": {
      "slots": []
    },
    "utter_water_moto": {
      "slots": []
    },
    "utter_ask_emergency_service_issue_type": {
      "slots": []
    },
    "utter_ask_two_or_four_wheeler": {
      "slots": []
    },
    "utter_dialogidontcare": {
      "slots": []
    },
    "action_nearestTouristPlace": {
      "slots": []
    },
    "utter_user_thankyou": {
      "slots": []
    },
    "utter_userangry": {
      "slots": []
    },
    "action_transport_services": {
      "slots": []
    },
    "utter_appraisalwelldone": {
      "slots": []
    },
    "utter_userbusy": {
      "slots": []
    },
    "action_nearest_fire_station": {
      "slots": []
    },
    "utter_agentright": {
      "slots": []
    },
    "utter_agentreal": {
      "slots": []
    },
    "action_bot_service": {
      "slots": []
    },
    "utter_userneedsadvice": {
      "slots": []
    },
    "utter_userlovesagent": {
      "slots": []
    },
    "action_show_help_services": {
      "slots": []
    },
    "action_ambulance_contact_details": {
      "slots": []
    },
    "utter_agentBgf": {
      "slots": []
    },
    "utter_agenttalktome": {
      "slots": []
    },
    "utter_agentgood": {
      "slots": []
    },
    "utter_agentbad": {
      "slots": []
    },
    "utter_agentbeautiful": {
      "slots": []
    },
    "utter_agentage": {
      "slots": []
    },
    "action_garbage_contact_service": {
      "slots": []
    },
    "utter_agentEmergency": {
      "slots": []
    },
    "utter_agentoccupation": {
      "slots": []
    },
    "utter_agentMarried": {
      "slots": []
    },
    "utter_agentchatbot": {
      "slots": []
    },
    "action_greet_suggestion": {
      "slots": []
    }
  },
  "python": "3.6.7",
  "max_histories": [
    5,
    null,
    1,
    2
  ],
  "ensemble_name": "rasa_core.policies.ensemble.SimplePolicyEnsemble",
  "policy_names": [
    "rasa_core.policies.keras_policy.KerasPolicy",
    "rasa_core.policies.fallback.FallbackPolicy",
    "rasa_core.policies.memoization.MemoizationPolicy",
    "rasa_core.policies.form_policy.FormPolicy"
  ],
  "trained_at": "20190807-165652",
  "rasa_core": "0.13.3",
  "tensorflow": "1.12.3",
  "sklearn": "0.20.4"
}